product,quantity,price,expiration
"Turkey - Breast, Smoked",96,35.27,08/05/2019
Beer - Camerons Auburn,42,20.65,19/01/2020
Bag - Clear 7 Lb,5,23.64,02/04/2020
Tea Leaves - Oolong,44,1.13,12/10/2019
Cheese - Cream Cheese,65,7.08,03/12/2019
Sugar - Monocystal / Rock,74,4.81,24/07/2019
Tea - Apple Green Tea,37,8.99,15/07/2019
Wine - Tribal Sauvignon,99,29.23,16/08/2019
Spinach - Baby,47,43.84,27/09/2019
"Syrup - Monin, Irish Cream",88,4.63,06/07/2019
Wine - Malbec Trapiche Reserve,77,39.23,31/05/2019
"Tomatoes - Plum, Canned",23,11.89,25/12/2019
"Soup - Campbells, Beef Barley",11,46.43,17/09/2019
"Chicken - Diced, Cooked",68,49.66
Sauce - Demi Glace,3,12.7,06/09/2019
Banana,88,18.3,27/03/2020
Bread - Raisin Walnut Oval,49,32.34,21/12/2019
Wine - Penfolds Koonuga Hill,12,48.18,06/01/2020
Bread - Crusty Italian Poly,62,38.38,27/10/2019
Lemonade - Pineapple Passion,11,29.12,31/08/2019
Parsley - Dried,52,15.02,03/09/2019
Ice Cream - Strawberry,53,5.05,18/02/2020
Instant Coffee,52,22.96,12/06/2019
Ecolab - Lime - A - Way 4/4 L,55,32.8,27/07/2019
Sugar - Palm,40,45.64,30/01/2020
Venison - Liver,97,30.81,23/08/2019
Sage Ground Wiberg,1,1.75,15/11/2019
Scallops - U - 10,34,11.53,04/09/2019
Soap - Mr.clean Floor Soap,22,43.12
Wine - Balbach Riverside,81,1.45,09/09/2019
Wine - Trimbach Pinot Blanc,57,40.66,17/01/2020
"Mushroom - Porcini, Dry",40,16.44,17/03/2020
Cheese - Parmigiano Reggiano,78,41.85,21/04/2020
Lettuce - Frisee,1,4.37,19/06/2019
Compound - Raspberry,77,12.48
Eggplant - Asian,75,20.24,01/06/2019
Fork - Plastic,58,18.5,25/09/2019
Cheese - Pont Couvert,87,7.24,25/02/2020
"Tomatoes - Vine Ripe, Yellow",37,8.72,09/11/2019
Corn - Mini,61,36.22,17/01/2020
V8 - Tropical Blend,41,27.84,31/08/2019
Appetizer - Cheese Bites,30,27.46,07/02/2020
Lamb Tenderloin Nz Fr,30,33.79,22/10/2019
Beef - Short Loin,5,12.11,19/08/2019
"Doilies - 7, Paper",100,45.39,14/06/2019
Mcguinness - Blue Curacao,33,4.6,29/10/2019
Red Currant Jelly,39,38.16,04/05/2019
"Juice - Pineapple, 48 Oz",61,22.71,24/04/2020
Frangelico,88,1.35,20/08/2019
Thyme - Dried,5,25.13,15/01/2020
"Gingerale - Schweppes, 355 Ml",40,34.88,27/02/2020
Bacardi Breezer - Strawberry,14,42.5,29/05/2019
Cheese - Asiago,85,28.68,09/07/2019
Vodka - Moskovskaya,74,20.31
Table Cloth 53x69 White,99,10.86,15/04/2020
Bread - Onion Focaccia,81,6.28
Pork - Inside,85,40.05,13/07/2019
Quail - Jumbo Boneless,83,9.68,23/07/2019
Pork - Bacon Cooked Slcd,69,21.22,04/07/2019
"Oranges - Navel, 72",91,30.23
Muffin Hinge 117n,85,45.21,05/11/2019
"Cup - 3.5oz, Foam",27,35.9,19/03/2020
Dome Lid Clear P92008h,62,40.79,02/07/2019
Prunes - Pitted,18,9.97,20/05/2019
Zucchini - Green,69,31.34,13/06/2019
Sugar - Crumb,78,45.43,04/11/2019
Oats Large Flake,95,1.84
Nantucket Orange Juice,43,9.35,05/09/2019
Sugar - White Packet,20,14.73,20/08/2019
Veal - Heart,4,34.83,20/06/2019
Lighter - Bbq,84,24.78,19/10/2019
"Soup - Beef, Base Mix",80,30.42,11/01/2020
Long Island Ice Tea,88,37.98,14/02/2020
Oxtail - Cut,46,11.83,01/10/2019
Fenngreek Seed,87,32.13,20/08/2019
Bag - Regular Kraft 20 Lb,14,25.56,01/04/2020
"Cheese - Cheddar, Medium",81,32.9,06/05/2019
Carrots - Jumbo,55,39.5,18/12/2019
Spice - Onion Powder Granulated,30,31.46,06/08/2019
Steel Wool,62,42.19,05/06/2019
Hog / Sausage Casing - Pork,31,44.53,12/07/2019
Mustard - Dijon,14,3.97,09/03/2020
Smoked Tongue,47,18.23,02/03/2020
Cardamon Seed / Pod,100,10.89,06/12/2019
Cheese Cheddar Processed,59,12.64,14/02/2020
Rice Paper,58,19.21,19/01/2020
Chicken - Soup Base,74,30.67,20/07/2019
Potatoes - Peeled,65,1.56,28/01/2020
"Stock - Veal, Brown",60,14.9,27/10/2019
Wine - Vouvray Cuvee Domaine,49,17.65,08/10/2019
Soup Campbells Split Pea And Ham,48,39.28,21/04/2020
Sprouts - Baby Pea Tendrils,54,29.43,23/10/2019
Sauce - Cranberry,81,48.95,14/08/2019
Chocolate - Milk,42,6.0,07/04/2020
"Apple - Delicious, Red",3,34.48,25/05/2019
"Tabasco Sauce, 2 Oz",89,23.64,20/06/2019
Parasol Pick Stir Stick,9,32.31,10/06/2019
Bar Mix - Lime,83,37.85,15/09/2019
"Oil - Food, Lacquer Spray",56,32.03
Scallops - U - 10,56,6.98,26/07/2019
Pop Shoppe Cream Soda,18,1.82,16/09/2019
Tea Peppermint,11,43.88,18/01/2020
Seaweed Green Sheets,20,41.63,25/06/2019
Scallops - U - 10,31,33.09,31/07/2019
Bagelers - Cinn / Brown,62,20.57,29/08/2019
Carbonated Water - White Grape,36,6.52,01/02/2020
Knife Plastic - White,6,39.08,22/02/2020
Wakami Seaweed,93,15.96,13/08/2019
Sausage - Breakfast,78,14.73,04/08/2019
Flax Seed,5,13.31,06/09/2019
Cake - Bande Of Fruit,21,41.08
Island Oasis - Magarita Mix,6,15.27,21/01/2020
Wine - Rioja Campo Viejo,90,16.55,25/09/2019
Foam Cup 6 Oz,14,29.25,07/01/2020
Cheese - Cream Cheese,64,39.88,01/04/2020
Muffin Mix - Raisin Bran,16,7.63,13/05/2019
Broom Handle,64,8.56,25/12/2019
Wine - Barolo Fontanafredda,93,35.3,28/09/2019
"Juice - Apple, 341 Ml",87,45.01,24/09/2019
Beef - Short Loin,72,12.13,15/02/2020
Foie Gras,57,5.96,03/06/2019
Soup - Cream Of Broccoli,81,48.89,10/08/2019
Longos - Grilled Veg Sandwiches,69,46.78,04/10/2019
Flour - So Mix Cake White,68,38.42,07/09/2019
Cheese - Provolone,12,45.44,28/07/2019
Dried Apple,93,41.73,07/04/2020
"Rice Pilaf, Dry,package",50,36.27,05/06/2019
Wonton Wrappers,24,33.97,11/10/2019
Sauce - Chili,73,15.86,17/02/2020
Zucchini - Yellow,23,11.75,11/02/2020
Wine - Domaine Boyar Royal,74,48.79,12/12/2019
Buffalo - Short Rib Fresh,43,20.94,12/04/2020
Beans - Fine,2,34.7,09/08/2019
"Lamb - Leg, Bone In",6,1.14,20/07/2019
Chutney Sauce - Mango,72,28.41,24/12/2019
"Pepper - Chillies, Crushed",71,49.85,08/04/2020
Ice Cream Bar - Oreo Cone,12,26.91,01/10/2019
Pasta - Cheese / Spinach Bauletti,28,2.58
Egg - Salad Premix,97,12.82,13/03/2020
Pepper - Red Thai,72,44.87,27/05/2019
"Cake Circle, Paprus",96,28.24,25/02/2020
Cake - Sheet Strawberry,53,9.26,31/08/2019
"Cheese - Mozzarella, Shredded",82,44.02,28/06/2019
"Fish - Soup Base, Bouillon",70,26.82,18/01/2020
"Soup - Campbells, Minestrone",63,16.98,28/06/2019
Icecream Cone - Areo Chocolate,87,42.17,14/09/2019
Sobe - Green Tea,4,1.23,16/04/2020
Grapes - Red,90,12.35,02/06/2019
Sauce - Thousand Island,11,23.2,28/11/2019
Beef - Sushi Flat Iron Steak,75,13.01,27/10/2019
"Iced Tea - Lemon, 460 Ml",64,46.23,08/04/2020
Kellogs Special K Cereal,38,10.11,15/09/2019
Turkey - Oven Roast Breast,2,4.1,15/02/2020
Sugar - Cubes,52,19.67,06/07/2019
"Appetizer - Spring Roll, Veg",91,19.52,25/11/2019
Wine - Alsace Gewurztraminer,47,45.98,20/10/2019
"Water - Mineral, Carbonated",14,29.92,12/06/2019
Fish - Bones,80,36.13,19/07/2019
Towel Multifold,13,46.35,08/09/2019
Beer - Camerons Auburn,31,35.85,07/05/2019
Tuna - Loin,57,22.65,05/11/2019
Wonton Wrappers,70,32.15
Cheese - Perron Cheddar,72,14.69,06/01/2020
"Placemat - Scallop, White",12,16.08,19/09/2019
Appetizer - Southwestern,15,32.69,21/05/2019
Onions - Cippolini,56,7.81,11/03/2020
"Chilli Paste, Hot Sambal Oelek",40,28.6,02/09/2019
Chocolate - Mi - Amere Semi,73,1.27,12/06/2019
Lettuce - Baby Salad Greens,86,7.59,02/12/2019
Bagel - 12 Grain Preslice,16,23.2,25/08/2019
Veal - Nuckle,39,12.26,09/09/2019
Juice - Orange,54,15.43,19/07/2019
Napkin Colour,72,1.33,07/04/2020
"Nut - Almond, Blanched, Ground",5,15.5,27/06/2019
"Nut - Almond, Blanched, Ground",68,36.61,23/10/2019
Coffee Cup 12oz 5342cd,78,2.77,17/05/2019
Pastry - Baked Scones - Mini,65,21.61,11/10/2019
Ecolab - Solid Fusion,16,24.43,14/05/2019
Syrup - Pancake,30,43.89,26/09/2019
Pork - Belly Fresh,32,23.12,05/03/2020
"Soup - Knorr, Veg / Beef",67,36.84,21/04/2020
Fuji Apples,25,25.0,10/08/2019
Beets - Pickled,25,43.29,08/07/2019
Fennel,8,16.81,28/09/2019
Tuna - Yellowfin,47,6.5,05/03/2020
Longos - Chicken Wings,16,22.65,24/01/2020
Longos - Cheese Tortellini,45,40.83,23/11/2019
Bread Base - Gold Formel,56,39.27,18/02/2020
Spice - Chili Powder Mexican,24,37.5,08/07/2019
Steampan - Half Size Shallow,24,4.01,20/08/2019
"Lamb - Pieces, Diced",5,48.81,22/12/2019
Sage Derby,64,38.8,22/12/2019
Browning Caramel Glace,38,13.3
Bar Mix - Lime,89,32.96,15/11/2019
Honey - Lavender,57,43.66,17/01/2020
Rice Wine - Aji Mirin,45,27.46,09/03/2020
Horseradish Root,5,38.96,27/12/2019
Wine - Coteaux Du Tricastin Ac,50,36.52,15/10/2019
Honey - Lavender,35,1.88,09/06/2019
Sponge Cake Mix - Chocolate,61,39.15,24/11/2019
"Olives - Black, Pitted",61,4.52
"Shrimp - Baby, Warm Water",82,14.69,02/01/2020
Parsley Italian - Fresh,63,37.27,21/10/2019
Truffle Shells - White Chocolate,82,36.39,03/11/2019
Meldea Green Tea Liquor,83,26.55,13/11/2019
Sponge Cake Mix - Chocolate,31,32.89,17/05/2019
Breakfast Quesadillas,73,43.92,06/07/2019
Pie Filling - Pumpkin,94,39.24,01/04/2020
Juice - Orange 1.89l,24,45.62,13/01/2020
Juice - Lemon,36,38.77,03/04/2020
"Cheese - Cheddar, Old White",56,23.53,16/07/2019
Ecolab - Medallion,99,23.15,31/05/2019
Bread - Raisin,28,28.17,09/12/2019
Cabbage - Red,83,31.25,09/04/2020
Yokaline,56,2.35,17/08/2019
Bread Fig And Almond,10,13.68,09/04/2020
Marzipan 50/50,34,2.24,15/03/2020
Sausage - Chorizo,57,33.11,28/05/2019
"Dill - Primerba, Paste",31,25.67,16/10/2019
Coriander - Ground,87,33.42,10/01/2020
"Soup - Knorr, Classic Can. Chili",8,24.7,13/09/2019
Veal - Heart,30,6.48,29/07/2019
Muffin Hinge 117n,54,21.53,18/08/2019
Foam Cup 6 Oz,93,16.4,16/04/2020
Muffin Mix - Raisin Bran,68,12.31,18/10/2019
Sausage - Meat,77,48.3,28/06/2019
"Mushroom - Trumpet, Dry",43,26.66
Glucose,69,30.38,24/09/2019
"Sauce - Gravy, Au Jus, Mix",41,27.39,15/01/2020
Butter Sweet,96,45.88,06/01/2020
Kumquat,42,15.99,11/09/2019
Bagelers,39,25.02,07/08/2019
Wine - Cotes Du Rhone,30,38.73
Chocolate - Chips Compound,16,18.86,13/01/2020
"Chilli Paste, Ginger Garlic",55,12.4,24/10/2019
Food Colouring - Pink,97,31.47
"Pasta - Penne, Rigate, Dry",55,30.16,03/09/2019
"Beef - Bones, Cut - Up",19,32.5,10/01/2020
"Tortillas - Flour, 12",40,39.98,30/09/2019
Appetizer - Crab And Brie,34,44.21,05/10/2019
Pork - Inside,61,40.61,10/11/2019
Beef - Short Ribs,15,26.9,19/01/2020
Eel - Smoked,28,42.56,06/06/2019
"Syrup - Monin, Irish Cream",67,25.61,26/05/2019
Soup - Campbells Beef Stew,82,37.01,13/05/2019
"Pasta - Detalini, White, Fresh",99,39.41,14/06/2019
"Seedlings - Buckwheat, Organic",56,44.45,12/11/2019
Dried Cranberries,82,5.26,22/09/2019
Yams,64,3.87,17/03/2020
Tea - Herbal Sweet Dreams,72,30.5,13/08/2019
Cheese - Sheep Milk,76,33.08,12/01/2020
Table Cloth 90x90 Colour,74,4.43,12/09/2019
"Pasta - Penne Primavera, Single",81,13.0,14/03/2020
"Vodka - Lemon, Absolut",29,49.24,10/11/2019
Soho Lychee Liqueur,82,10.68,29/07/2019
Spice - Paprika,4,46.8,06/01/2020
Trout - Smoked,50,4.81,24/11/2019
Bread - Petit Baguette,87,23.85,14/07/2019
Guinea Fowl,84,37.75,24/12/2019
Muffin Batt - Blueberry Passion,85,10.6,24/09/2019
"Lobster - Tail, 3 - 4 Oz",73,11.81,30/11/2019
Boogies,54,8.93,21/02/2020
Spinach - Frozen,79,22.02,22/09/2019
"Chicken - Leg, Boneless",96,23.71,17/09/2019
Gatorade - Xfactor Berry,77,42.51,22/02/2020
Carbonated Water - Cherry,65,49.85,25/05/2019
Bread - Focaccia Quarter,15,2.0,12/12/2019
Coffee - Dark Roast,34,41.07,31/05/2019
"Beef - Baby, Liver",92,48.47,08/08/2019
"Tomatoes - Vine Ripe, Red",87,32.1,07/01/2020
Soup - Verve - Chipotle Chicken,48,3.22,23/05/2019
"Sauce - Bernaise, Mix",63,9.81,14/08/2019
Cardamon Seed / Pod,43,33.14,25/03/2020
Flour - Fast / Rapid,50,3.98,03/09/2019
"Cheese - Romano, Grated",17,41.47,15/10/2019
Wine - Sauvignon Blanc Oyster,99,43.63,21/05/2019
Loquat,3,26.01,04/10/2019
"Fish - Scallops, Cold Smoked",94,5.93,31/07/2019
Sausage - Breakfast,69,5.57,12/09/2019
Dried Apple,71,30.7,27/02/2020
Absolut Citron,95,11.15,02/01/2020
"Bread - Sticks, Thin, Plain",75,16.02,25/10/2019
"Sugar - Brown, Individual",38,2.39,08/03/2020
Bouq All Italian - Primerba,33,18.71,08/12/2019
Savory,24,45.51,14/04/2020
"Doilies - 12, Paper",75,2.47,17/04/2020
Vinegar - White,15,11.08,27/02/2020
Mushroom - Morel Frozen,80,24.34,02/01/2020
Soup - Campbells Tomato Ravioli,27,40.93,21/11/2019
"Shrimp - 16/20, Peeled Deviened",71,33.83,04/02/2020
White Baguette,67,38.11,15/05/2019
Bread - 10 Grain,19,47.27,16/01/2020
Ecolab - Ster Bac,100,30.07,13/05/2019
Carbonated Water - Lemon Lime,77,21.69,03/05/2019
Sprouts - Brussel,30,14.83,06/02/2020
Longos - Assorted Sandwich,26,26.84,07/10/2019
Petit Baguette,100,12.41,18/11/2019
Coffee - Decaffeinato Coffee,75,11.21,21/03/2020
Bread Foccacia Whole,10,37.02,09/02/2020
"Veal - Tenderloin, Untrimmed",1,35.61,07/05/2019
Ecolab Digiclean Mild Fm,70,21.7,26/01/2020
Radish,40,4.89,02/08/2019
Amarula Cream,52,25.69,24/04/2020
Pineapple - Regular,41,36.78
Sugar - Fine,14,11.81,17/08/2019
Tomatoes Tear Drop,78,30.1,03/10/2019
The Pop Shoppe - Lime Rickey,65,39.5,24/02/2020
Oven Mitt - 13 Inch,61,10.53,14/05/2019
Duck - Whole,3,24.25,03/06/2019
Milkettes - 2%,59,16.94,15/03/2020
Bread - White Epi Baguette,88,22.33
Muffin Mix - Banana Nut,60,7.27,30/08/2019
Mint - Fresh,51,34.21,25/05/2019
"Soup - Knorr, Ministrone",26,5.95,11/08/2019
"Veal - Insides, Grains",29,26.85,13/12/2019
"Doilies - 8, Paper",26,25.19,12/09/2019
Bacardi Mojito,61,47.43,26/02/2020
Soup V8 Roasted Red Pepper,41,14.57,10/08/2019
"Turkey - Breast, Double",75,12.16,14/11/2019
Mix - Cappucino Cocktail,86,34.29,11/08/2019
Apple - Custard,44,19.99,25/04/2020
Oranges,52,15.05,05/06/2019
Lettuce - Red Leaf,87,34.12,13/03/2020
"Lemonade - Natural, 591 Ml",1,34.42,25/03/2020
"Cheese - Cheddar, Medium",3,36.13,11/10/2019
Island Oasis - Strawberry,46,3.54,12/07/2019
Cheese - Cottage Cheese,61,49.7,11/03/2020
White Fish - Filets,97,32.79,04/10/2019
Sugar - Icing,44,7.23,30/09/2019
Russian Prince,94,16.78,11/11/2019
Muffin Hinge - 211n,94,44.5,03/12/2019
Flour - Rye,51,36.18,12/10/2019
"Nut - Peanut, Roasted",92,19.26,19/01/2020
Salmon - Sockeye Raw,80,47.39,13/11/2019
Grapes - Black,26,44.95,20/01/2020
Cassis,47,12.85,26/04/2020
Wine - Pinot Noir Stoneleigh,28,8.88,09/12/2019
Muffin - Blueberry Individual,62,23.9,09/09/2019
Beef - Cow Feet Split,22,42.55,16/07/2019
Remy Red Berry Infusion,76,9.53,27/07/2019
"Lid - Translucent, 3.5 And 6 Oz",41,36.35,13/11/2019
Pernod,77,26.79,12/12/2019
Kellogs Special K Cereal,97,16.7,23/02/2020
Pheasants - Whole,49,27.65,10/04/2020
Hummus - Spread,27,46.29,03/02/2020
Madeira,1,49.49,12/07/2019
Oil - Olive,40,10.99,08/08/2019
Crab Meat Claw Pasteurise,54,9.85,24/08/2019
"Ecolab - Orange Frc, Cleaner",49,11.79,11/01/2020
Sour Puss - Tangerine,38,46.97,23/04/2020
"Juice - Pineapple, 341 Ml",77,23.45,01/10/2019
"Leeks - Baby, White",72,22.2,28/05/2019
Pastry - Carrot Muffin - Mini,50,40.18,18/09/2019
Tea - Lemon Scented,57,46.76,11/08/2019
Bowl 12 Oz - Showcase 92012,83,7.31
Wine - Two Oceans Sauvignon,25,37.02,29/04/2020
Glucose,22,8.15,06/08/2019
"Crab - Claws, 26 - 30",56,34.32,09/12/2019
Bread - Multigrain,3,39.62,07/11/2019
"Wine - Magnotta, White",36,13.87,21/12/2019
Sea Bass - Fillets,14,29.37,19/02/2020
Coffee - 10oz Cup 92961,99,1.74
Vinegar - Rice,4,37.43,04/03/2020
Ice Cream - Chocolate,27,26.29,18/12/2019
Puree - Mango,76,27.51,03/04/2020
Apple - Custard,93,48.23,26/07/2019
Lamb Leg - Bone - In Nz,42,27.05
Extract - Raspberry,58,49.99,26/11/2019
V8 Splash Strawberry Banana,10,29.46,22/06/2019
Cheese - Montery Jack,100,39.89,06/09/2019
"Cake Circle, Paprus",21,21.34,25/12/2019
Bread Base - Goodhearth,63,49.08,02/06/2019
Tuna - Yellowfin,4,28.82,27/05/2019
Fond - Chocolate,32,9.26,19/10/2019
"Wine - White, Schroder And Schyl",88,42.08,19/07/2019
Paper - Brown Paper Mini Cups,27,11.11,19/12/2019
Mustard - Seed,100,38.33,10/10/2019
Icecream - Dstk Cml And Fdg,37,44.95,21/01/2020
Chickhen - Chicken Phyllo,68,3.28,07/06/2019
Cream - 35%,82,3.73,07/04/2020
Fish - Bones,20,13.1,22/09/2019
Dc Hikiage Hira Huba,4,18.09,17/10/2019
Sour Cream,66,29.25,02/04/2020
"Soup - Knorr, French Onion",88,48.47,11/12/2019
"Mushroom - Shitake, Dry",12,34.0,18/09/2019
Snapple - Iced Tea Peach,9,40.06,17/06/2019
Longos - Cheese Tortellini,62,34.87,26/08/2019
"Doilies - 12, Paper",19,14.59,06/04/2020
Paper Towel Touchless,81,4.36,16/12/2019
Bread Base - Gold Formel,13,34.52,23/01/2020
Cake - French Pear Tart,12,30.55,26/10/2019
Peas - Frozen,100,28.81,02/08/2019
"Sugar - Brown, Individual",78,47.84,30/07/2019
Cheese - Oka,19,10.87,05/08/2019
Swordfish Loin Portions,40,13.28,19/12/2019
"Plate - Foam, Bread And Butter",62,31.59,20/03/2020
Sprouts - Pea,15,10.18,27/03/2020
"Shrimp - 16 - 20 Cooked, Peeled",62,2.24,24/03/2020
Scotch - Queen Anne,13,11.27,09/07/2019
Sterno - Chafing Dish Fuel,99,16.18,20/08/2019
Napkin - Beverage 1 Ply,13,20.93,28/02/2020
Herb Du Provence - Primerba,84,33.19,20/02/2020
"Pasta - Tortellini, Fresh",26,16.37
Cornish Hen,90,13.36,01/01/2020
Quinoa,34,13.79,05/10/2019
"Onions - Dried, Chopped",19,10.0,24/09/2019
Bandage - Flexible Neon,88,37.88,01/09/2019
Tuna - Fresh,24,14.7,04/03/2020
Mousse - Mango,96,45.02,20/09/2019
Pepper - Roasted Red,82,2.32,06/02/2020
Rosemary - Dry,16,7.93,17/10/2019
"Cheese - Cheddar, Old White",64,38.63
Sprite - 355 Ml,84,1.38,23/06/2019
Pears - Bartlett,42,24.17,04/01/2020
Chocolate - Liqueur Cups With Foil,22,24.82,03/11/2019
Juice - Apple Cider,74,1.4,27/06/2019
"Oil - Truffle, Black",41,37.49,28/01/2020
"Soup - Clam Chowder, Dry Mix",62,27.48,30/09/2019
"Artichoke - Hearts, Canned",76,39.44,30/01/2020
Beef - Diced,6,15.79,12/10/2019
"Yeast - Fresh, Fleischman",81,42.23,26/05/2019
Soup - Campbells Chicken,80,42.25,05/04/2020
Onion - Dried,14,28.63,25/09/2019
Coffee Cup 16oz Foam,99,5.84,16/05/2019
Mix - Cappucino Cocktail,68,33.39,03/08/2019
French Pastry - Mini Chocolate,96,46.52,21/04/2020
Table Cloth 62x114 Colour,16,10.47,20/07/2019
Muffins - Assorted,34,19.68,22/05/2019
Foil - 4oz Custard Cup,58,18.28,14/09/2019
Corn Meal,23,25.08,31/01/2020
"Cheese - Havarti, Roasted Garlic",47,41.36,07/06/2019
"Sauce - Bernaise, Mix",8,20.24,21/05/2019
Pastry - Raisin Muffin - Mini,30,48.27,17/02/2020
Fudge - Chocolate Fudge,59,31.09,02/01/2020
Aspic - Amber,13,45.77,30/10/2019
Daikon Radish,94,41.03,30/03/2020
Rye Special Old,25,42.82,19/05/2019
"Crab - Back Fin Meat, Canned",15,39.9,31/05/2019
Ice Cream Bar - Oreo Sandwich,15,14.91,27/01/2020
Tea - Decaf Lipton,69,23.57,19/08/2019
Containter - 3oz Microwave Rect.,6,16.53,13/11/2019
Parsnip,44,26.81,22/07/2019
Beef - Prime Rib Aaa,22,26.08,03/12/2019
Pastry - Raisin Muffin - Mini,34,38.21,16/10/2019
Eggplant - Baby,92,8.89,20/02/2020
Carbonated Water - Blackcherry,48,27.57,12/01/2020
Apples - Sliced / Wedge,15,15.07,26/07/2019
Cookies Cereal Nut,6,46.88,30/09/2019
Turkey Tenderloin Frozen,13,33.16,21/11/2019
Kellogs Special K Cereal,41,24.7,12/04/2020
"Trout - Rainbow, Fresh",30,38.01,23/06/2019
Cake Sheet Combo Party Pack,39,10.08,13/10/2019
Kiwi Gold Zespri,81,1.24,12/02/2020
"Turkey - Breast, Boneless Sk On",20,17.93,21/01/2020
Wine - Sogrape Mateus Rose,71,28.33,16/04/2020
Nori Sea Weed - Gold Label,15,23.6,09/06/2019
Wine - Magnotta - Pinot Gris Sr,97,9.0,23/07/2019
Beer - Sleeman Fine Porter,73,10.23,30/05/2019
Mushroom - Porcini Frozen,21,22.24,14/08/2019
Arctic Char - Fillets,77,5.73,17/04/2020
Arizona - Plum Green Tea,19,16.45,08/11/2019
Sausage - Liver,43,47.81,29/09/2019
"Trout - Rainbow, Fresh",37,32.01,26/02/2020
Bandage - Finger Cots,3,6.76,02/04/2020
Sproutsmustard Cress,15,25.79,04/03/2020
Basil - Thai,73,23.18,26/10/2019
"Octopus - Baby, Cleaned",98,28.65,12/10/2019
Yoplait - Strawbrasp Peac,11,15.62,09/10/2019
Apricots - Dried,78,43.04,25/05/2019
Wine - Pinot Noir Mondavi Coastal,83,8.7,20/10/2019
"Quail - Whole, Boneless",23,37.85,02/03/2020
Scallops - 20/30,95,6.6,12/07/2019
"Wine - Red, Gamay Noir",17,26.93,13/07/2019
Flour - Semolina,93,38.95,08/03/2020
Orange Roughy 6/8 Oz,4,7.86,06/01/2020
"Beef - Ground, Extra Lean, Fresh",61,24.19,01/04/2020
Chocolate - Chips Compound,82,38.01,12/04/2020
"Veal - Inside Round / Top, Lean",3,34.95
Squid - U 5,75,30.11,30/06/2019
"Lemonade - Kiwi, 591 Ml",57,18.52,10/08/2019
Tomatoes,3,48.56,30/05/2019
Coffee - Dark Roast,3,8.08,12/04/2020
Pomello,50,16.98,28/09/2019
Bread - White Epi Baguette,4,28.99
Cheese Cloth No 60,40,41.41,31/05/2019
Sauce - Thousand Island,5,41.48,30/05/2019
"Nut - Almond, Blanched, Ground",84,22.48,27/09/2019
"Juice - Tomato, 10 Oz",52,43.18,14/09/2019
Oil - Shortening - All - Purpose,13,31.3,05/11/2019
Hagen Daza - Dk Choocolate,93,19.88,21/05/2019
Orange - Blood,52,24.73,31/12/2019
Flower - Dish Garden,72,16.24,07/03/2020
"Chicken - Leg, Boneless",12,46.95,25/03/2020
Spice - Paprika,46,17.68,19/06/2019
"Pasta - Lasagne, Fresh",5,6.61,15/09/2019
Beans - French,79,49.93,24/07/2019
Absolut Citron,21,14.74,31/03/2020
"Butter - Salted, Micro",18,41.38,12/01/2020
Strawberries - California,77,6.96,27/02/2020
Hipnotiq Liquor,67,5.0,23/12/2019
Ice Cream Bar - Oreo Sandwich,76,23.47
"Pasta - Lasagna Noodle, Frozen",47,2.09,18/03/2020
Carbonated Water - Wildberry,74,41.44,15/10/2019
Trout Rainbow Whole,25,6.51,24/01/2020
Wine - Prosecco Valdobiaddene,46,12.92
Crab - Imitation Flakes,46,13.37,01/12/2019
Soup - Campbells Bean Medley,24,24.18,22/11/2019
Pie Box - Cello Window 2.5,78,18.95,17/05/2019
"Lamb - Whole Head Off,nz",5,5.86,30/06/2019
Juice - Lagoon Mango,29,18.97,29/05/2019
Pectin,48,20.58,19/07/2019
Soap - Hand Soap,5,34.97,05/04/2020
"Marsala - Sperone, Fine, D.o.c.",65,39.02,28/03/2020
Cassis,36,29.48,10/06/2019
Olives - Kalamata,57,34.43,28/07/2019
Chicken - Livers,96,15.69,20/06/2019
Vinegar - Cider,23,49.97,16/05/2019
Ice Cream Bar - Rolo Cone,86,47.45,27/01/2020
Lettuce Romaine Chopped,76,11.3,24/03/2020
Lettuce - Belgian Endive,6,19.73,05/03/2020
Fireball Whisky,42,18.83,05/08/2019
Chicken - Wieners,86,26.44,11/08/2019
"Chicken - Leg, Boneless",31,48.25,30/12/2019
Mushroom - White Button,30,49.27,13/10/2019
Bread - Burger,77,4.12,19/07/2019
Pepper - Gypsy Pepper,39,21.62,21/08/2019
Melon - Watermelon Yellow,17,21.33,30/12/2019
Bread - Sour Sticks With Onion,84,41.01,14/01/2020
Ostrich - Prime Cut,35,39.59,15/05/2019
Syrup - Kahlua Chocolate,15,1.82,22/10/2019
Beef Ground Medium,71,42.14,09/03/2020
Tomato Paste,90,44.32,13/04/2020
"Cheese - Cheddar, Old White",53,2.04,05/01/2020
Muffin Puck Ww Carrot,16,9.7,28/01/2020
Appetizer - Tarragon Chicken,40,19.75,27/10/2019
Cheese - Brie Roitelet,57,27.63,01/11/2019
Cheese - Brick With Onion,22,2.8,29/03/2020
"Quail - Whole, Bone - In",8,36.48,11/02/2020
Squash - Sunburst,19,48.11,11/12/2019
"Oil - Truffle, Black",49,13.15,23/03/2020
Curry Powder,3,11.62,15/08/2019
Appetizer - Chicken Satay,33,21.17,23/01/2020
Crawfish,97,1.53,18/10/2019
Muffin - Banana Nut Individual,49,26.27,20/07/2019
Pork - Ham Hocks - Smoked,85,19.3,04/10/2019
Eggs - Extra Large,66,3.59,17/10/2019
Lettuce - Green Leaf,15,24.39,22/11/2019
Oil - Cooking Spray,41,36.46,17/09/2019
Wine - White Cab Sauv.on,22,32.59,17/02/2020
"Loaf Pan - 2 Lb, Foil",67,48.69,02/10/2019
Fiddlehead - Frozen,33,48.16,09/04/2020
Cheese Cloth,62,2.29,01/08/2019
Mousse - Passion Fruit,26,16.11,07/03/2020
"Spoon - Soup, Plastic",90,48.22,04/05/2019
Wine - Zinfandel Rosenblum,46,8.61,29/07/2019
Chinese Foods - Plain Fried Rice,95,22.61,31/08/2019
Salt - Seasoned,78,31.24,08/11/2019
"Stock - Beef, White",20,7.4,29/03/2020
Syrup - Monin - Passion Fruit,10,8.66,11/04/2020
Wine - Ice Wine,60,26.63,22/03/2020
Bay Leaf Fresh,47,32.22,14/09/2019
Lentils - Green Le Puy,87,32.17,04/11/2019
Cake - Night And Day Choclate,6,21.71,17/06/2019
Godiva White Chocolate,86,45.53,16/04/2020
Foil - 4oz Custard Cup,11,25.93,04/03/2020
Cheese - Goat,59,18.86,01/12/2019
"Oranges - Navel, 72",28,34.77,01/03/2020
Stock - Fish,10,16.42,22/02/2020
Wonton Wrappers,75,14.16,17/08/2019
Shopper Bag - S - 4,100,16.84,15/12/2019
Mix - Cappucino Cocktail,40,20.96,12/07/2019
Chicken - Bones,95,14.96,18/01/2020
Bowl 12 Oz - Showcase 92012,89,40.7,23/01/2020
Oil - Grapeseed Oil,9,4.66,05/06/2019
Sauce Bbq Smokey,14,45.15,26/09/2019
Nectarines,47,20.81,02/02/2020
Jam - Raspberry,60,13.16,01/01/2020
Cookie Dough - Oatmeal Rasin,71,40.01
"Sauce - Gravy, Au Jus, Mix",21,24.66,17/10/2019
Potato - Sweet,87,7.55,05/06/2019
Cheese - Gouda,25,1.12,25/01/2020
Spinach - Spinach Leaf,23,34.85,15/10/2019
"Juice - Pineapple, 341 Ml",13,47.72,15/06/2019
Apron,59,28.49,23/08/2019
Onion Powder,45,46.36,15/07/2019
Beer - Steamwhistle,65,34.04,16/03/2020
Thyme - Fresh,80,45.14,21/07/2019
Soup Bowl Clear 8oz92008,7,25.96,25/03/2020
"Olives - Green, Pitted",42,33.37,13/07/2019
Flax Seed,79,20.56,19/09/2019
Lidsoupcont Rp12dn,80,30.97,29/08/2019
Flower - Daisies,34,46.29,10/12/2019
Longos - Greek Salad,19,38.67,24/02/2020
Papadam,84,16.47,24/04/2020
Extract - Rum,94,24.72,13/05/2019
Yoplait Drink,24,12.85,09/12/2019
Samosa - Veg,52,14.94,08/11/2019
Tomatoes Tear Drop Yellow,35,20.13,16/12/2019
"Brandy - Orange, Mc Guiness",24,24.43,25/01/2020
Wine - Cabernet Sauvignon,20,21.53,24/10/2019
Wine - Jackson Triggs Okonagan,3,28.07,12/02/2020
Chocolate Bar - Reese Pieces,5,27.9,12/10/2019
Chicken - Whole Fryers,79,26.75
Sprouts - Pea,55,39.71,15/02/2020
Haggis,61,28.18,25/05/2019
Olives - Nicoise,41,5.93,21/12/2019
"Sauce - Soya, Dark",82,12.12,01/06/2019
"Soup - Beef, Base Mix",39,44.54,28/07/2019
Oil - Coconut,6,32.75,19/01/2020
Beans - Yellow,48,1.28
Lid Tray - 12in Dome,77,34.37,28/01/2020
Squash - Sunburst,84,45.97,29/07/2019
Bread - Sour Sticks With Onion,54,39.89,08/11/2019
Pork - Suckling Pig,71,20.91,17/08/2019
Onions - Red,5,49.87,01/10/2019
Cheese - Valancey,40,45.42,23/06/2019
Blue Curacao - Marie Brizard,14,18.24,23/08/2019
"Spoon - Soup, Plastic",17,25.84,20/05/2019
Napkin White,44,17.74,14/01/2020
"Glass - Wine, Plastic, Clear 5 Oz",13,30.41,05/08/2019
Wine - Coteaux Du Tricastin Ac,11,7.15,04/08/2019
Blueberries,10,48.07,22/11/2019
"Cup - 3.5oz, Foam",45,12.97,06/04/2020
"Veal - Leg, Provimi - 50 Lb Max",99,48.43,26/11/2019
Pail With Metal Handle 16l White,63,12.81,08/01/2020
"7up Diet, 355 Ml",46,24.92,08/02/2020
Truffle Shells - Semi - Sweet,44,1.21,02/12/2019
Cheese Cloth,79,22.51,21/12/2019
Coffee Caramel Biscotti,18,15.1,04/09/2019
Rhubarb,28,28.4,20/01/2020
Tia Maria,12,19.99,13/06/2019
Remy Red,55,18.4,04/11/2019
Dried Apple,99,24.3,25/10/2019
Beer - Labatt Blue,3,48.87,08/04/2020
"Nut - Almond, Blanched, Ground",62,42.63,14/08/2019
Taro Leaves,7,32.74,12/04/2020
Bread - White Mini Epi,33,43.67,08/06/2019
Pepper - Red Thai,23,25.34,07/02/2020
Pepper - Yellow Bell,39,12.64,25/12/2019
Pepper - Cayenne,14,33.29,29/07/2019
"Salmon - Atlantic, Fresh, Whole",48,3.47,09/02/2020
Coffee - Decafenated,100,23.2,05/04/2020
Lychee - Canned,84,47.88,05/09/2019
Garam Marsala,22,48.79,15/06/2019
Shrimp - Black Tiger 16/20,83,18.44,25/01/2020
Bread - French Stick,43,44.79,14/12/2019
Puree - Blackcurrant,61,21.62,07/07/2019
Sausage - Andouille,63,8.35,14/10/2019
Spic And Span All Purpose,19,44.79,07/06/2019
Bread - Sour Sticks With Onion,13,42.46,30/07/2019
Jolt Cola,29,16.71,24/10/2019
Squash - Butternut,93,39.85,02/10/2019
Caviar - Salmon,68,1.15,24/11/2019
"Pasta - Fettuccine, Egg, Fresh",56,44.54,18/06/2019
Sansho Powder,87,26.29,28/02/2020
Pomegranates,11,27.73,23/09/2019
Corn - On The Cob,85,27.76,07/02/2020
Wine - Tribal Sauvignon,68,48.77,12/09/2019
Carbonated Water - Orange,9,12.78,11/08/2019
Sauerkraut,9,47.83,19/01/2020
Sauce - Salsa,8,36.19,02/05/2019
Fireball Whisky,62,34.01,24/09/2019
Broom - Push,97,8.14,09/02/2020
Tomatoes Tear Drop,32,37.54,29/06/2019
Dried Figs,9,22.65,20/01/2020
Appetizer - Southwestern,77,44.83,20/04/2020
Salt And Pepper Mix - White,3,37.42,06/07/2019
Graham Cracker Mix,28,13.63,08/09/2019
Goat - Whole Cut,16,16.3,23/09/2019
"Soup - Clam Chowder, Dry Mix",53,47.53
Papayas,41,7.17,03/11/2019
Lotus Rootlets - Canned,29,40.45,31/01/2020
Eggs - Extra Large,74,18.65
Beef Cheek Fresh,39,17.28,24/03/2020
Soupfoamcont12oz 112con,83,7.65,26/08/2019
Mushroom Morel Fresh,46,7.54,28/06/2019
Mustard - Seed,2,2.19,14/12/2019
Rabbit - Frozen,88,23.24,20/11/2019
Tuna - Salad Premix,27,2.92,22/08/2019
Lettuce - Boston Bib,25,49.2,07/10/2019
Flour - Pastry,63,14.25,07/07/2019
Red Cod Fillets - 225g,60,22.78,13/11/2019
"Beans - Fava, Canned",66,21.83,28/09/2019
Cheese - Bocconcini,5,30.81,08/02/2020
Corn Meal,53,16.48,30/03/2020
"Soup - Knorr, Chicken Noodle",8,39.28,10/01/2020
Sweet Pea Sprouts,93,12.78,07/12/2019
Butter Sweet,25,45.43,22/05/2019
Hummus - Spread,42,26.66,02/06/2019
"Veal - Inside Round / Top, Lean",30,37.67,14/09/2019
Puree - Pear,46,16.4,04/06/2019
Pastry - Baked Cinnamon Stick,85,33.01,19/10/2019
Croissants Thaw And Serve,13,43.76,31/10/2019
Wine - Rosso Del Veronese Igt,78,11.76,16/10/2019
Carroway Seed,49,8.26,01/10/2019
Milk - Buttermilk,73,34.38,11/06/2019
Lamb Rack - Ontario,33,44.46,13/03/2020
Beer - Upper Canada Lager,69,42.63,12/09/2019
Chip - Potato Dill Pickle,21,29.87,25/01/2020
"Oil - Truffle, Black",12,2.68,24/02/2020
"Salmon - Smoked, Sliced",40,8.83,04/09/2019
"Pepsi, 355 Ml",73,37.1,18/12/2019
Wine - Chateau Timberlay,92,32.65,07/04/2020
Table Cloth 144x90 White,21,27.67,24/10/2019
Bread - Flat Bread,93,19.75,28/07/2019
"Wine - Red, Cooking",70,15.97,27/11/2019
Watercress,89,26.72,09/08/2019
Sausage - Breakfast,92,4.24,06/11/2019
Tea - Black Currant,59,24.59,02/02/2020
Sugar - Splenda Sweetener,33,38.72,09/01/2020
Beans - Butter Lrg Lima,81,37.33,10/09/2019
"Pasta - Fettuccine, Egg, Fresh",33,18.58,10/02/2020
Eggplant Italian,89,32.62,28/10/2019
"Wine - Red, Concha Y Toro",96,40.77,23/08/2019
Beer - Upper Canada Light,84,48.51,18/02/2020
Yams,92,33.6,24/08/2019
"Pasta - Fettuccine, Egg, Fresh",53,41.78,26/06/2019
Bacardi Mojito,11,42.96,19/05/2019
Coffee - Decafenated,22,42.98,30/06/2019
Cookies - Assorted,46,8.36,14/07/2019
Propel Sport Drink,28,3.18,20/02/2020
Cheese - Ricotta,49,3.07,06/08/2019
Cookie Chocolate Chip With,16,39.59,31/01/2020
Carbonated Water - Blackberry,58,23.38,22/10/2019
Potatoes - Mini Red,61,45.47,29/12/2019
"Marjoram - Dried, Rubbed",40,12.51,08/12/2019
Bread - Italian Corn Meal Poly,60,47.57,25/04/2020
Bread - Raisin Walnut Oval,36,20.23,18/09/2019
Longos - Grilled Salmon With Bbq,40,21.22
Bay Leaf Fresh,100,47.08,26/06/2019
Pork - Back Ribs,47,47.43,27/09/2019
Arctic Char - Fillets,49,46.79,12/01/2020
Steampan - Lid For Half Size,2,33.42
Whmis - Spray Bottle Trigger,39,26.7,10/09/2019
Beef Flat Iron Steak,51,44.84,17/02/2020
"Brownies - Two Bite, Chocolate",11,18.73,02/06/2019
Wine - Zinfandel California 2002,71,10.75,22/02/2020
Table Cloth 54x72 Colour,61,26.18,15/06/2019
"Fish - Soup Base, Bouillon",36,23.1,08/01/2020
"Turnip - White, Organic",70,47.56,24/02/2020
Chinese Foods - Plain Fried Rice,68,40.3,02/02/2020
Jack Daniels,7,6.59,11/11/2019
Beer - Moosehead,30,21.66,07/11/2019
"Corn - Cream, Canned",79,33.21,05/07/2019
Bagel - Ched Chs Presliced,8,35.1,27/05/2019
Galliano,42,1.24,27/04/2020
Wine - Ej Gallo Sonoma,6,24.33,28/09/2019
Cheese - La Sauvagine,81,41.85,21/10/2019
Appetizer - Asian Shrimp Roll,25,44.15,31/08/2019
Kiwano,35,47.32,28/11/2019
Veal - Loin,21,5.04,29/11/2019
Wine - Acient Coast Caberne,93,3.82,06/07/2019
Oil - Sesame,69,23.67,18/01/2020
Trueblue - Blueberry,43,2.1,20/05/2019
Turkey Leg With Drum And Thigh,20,3.51
Cake - Mini Potato Pancake,44,15.01,15/06/2019
Sun - Dried Tomatoes,58,49.44,19/06/2019
Flour - Strong,100,8.87,18/05/2019
Pastry - Plain Baked Croissant,48,14.86,24/08/2019
Glass Clear 7 Oz Xl,2,30.7,07/03/2020
Jam - Apricot,24,41.09,16/09/2019
"Pesto - Primerba, Paste",1,40.92,28/03/2020
"Pork - Loin, Bone - In",66,34.98,26/07/2019
"Pork - Back, Short Cut, Boneless",56,21.83,29/06/2019
Wine - Chateauneuf Du Pape,100,4.21,31/08/2019
Crackers - Water,3,27.79,28/08/2019
V8 - Tropical Blend,19,34.16,02/06/2019
Longan,97,20.2,27/01/2020
Cheese - Pied De Vents,43,21.2,06/09/2019
Huck White Towels,34,32.66,16/12/2019
"Sprite, Diet - 355ml",6,13.97,16/01/2020
Cookies - Englishbay Oatmeal,79,14.48,20/06/2019
Potatoes - Mini Red,46,28.26,11/05/2019
Salt And Pepper Mix - White,69,1.7,25/01/2020
"Wine - Red, Gallo, Merlot",8,24.73,25/03/2020
Pie Shells 10,68,22.22,12/02/2020
"Wine - Mas Chicet Rose, Vintage",31,29.92,30/05/2019
Schnappes Peppermint - Walker,51,43.45,14/08/2019
"Sparkling Wine - Rose, Freixenet",82,31.9
"Soup - Beef, Base Mix",55,43.75,05/06/2019
Veal - Insides Provini,39,22.2,29/02/2020
Capers - Pickled,14,14.5,30/10/2019
Muffin - Mix - Bran And Maple 15l,86,12.25,20/11/2019
"Seedlings - Mix, Organic",71,14.91,14/11/2019
"Beef - Roasted, Cooked",99,4.56,16/04/2020
Sobe - Tropical Energy,34,15.74,18/04/2020
Kellogs Special K Cereal,12,24.73,09/01/2020
Rye Special Old,65,4.53,24/11/2019
"Nut - Peanut, Roasted",52,22.74,08/11/2019
Canadian Emmenthal,92,20.36,20/01/2020
Garlic - Elephant,10,22.02,03/04/2020
Wine - Puligny Montrachet A.,6,35.36,08/01/2020
Munchies Honey Sweet Trail Mix,43,47.97,29/02/2020
Rice Wine - Aji Mirin,91,20.15,12/02/2020
Chinese Foods - Cantonese,67,17.45,03/07/2019
Ice Cream - Super Sandwich,56,15.76,09/10/2019
Bar - Granola Trail Mix Fruit Nut,68,41.44,22/05/2019
Juice - Happy Planet,61,19.23,16/05/2019
Black Currants,70,49.08,10/10/2019
Wine - Prem Select Charddonany,94,11.98,15/03/2020
"Onions - Dried, Chopped",91,36.66,25/04/2020
Pea - Snow,40,47.11,03/01/2020
Oranges,12,48.13,15/02/2020
Bacardi Mojito,58,15.02,09/11/2019
Pastry - Plain Baked Croissant,2,16.36
Icecream Bar - Del Monte,68,38.37,09/08/2019
Steel Wool,67,25.56,09/07/2019
Flour - Fast / Rapid,53,49.22,16/03/2020
Rambutan,75,34.55,25/05/2019
Initation Crab Meat,5,45.75,17/07/2019
Pork - Sausage Casing,64,13.26,26/10/2019
Otomegusa Dashi Konbu,59,24.53,12/01/2020
Flour Pastry Super Fine,72,18.73,29/01/2020
Sage - Ground,46,33.24,17/10/2019
Beef Tenderloin Aaa,18,38.92,03/08/2019
"Pork - Bacon, Sliced",41,7.78,23/09/2019
Curry Paste - Madras,19,15.22,01/04/2020
Pectin,56,1.6,01/10/2019
Island Oasis - Ice Cream Mix,28,30.05,09/02/2020
Muffin Chocolate Individual Wrap,94,4.2
Pork - Belly Fresh,43,17.33,01/02/2020
Vinegar - Raspberry,10,12.58,21/10/2019
Tea - Honey Green Tea,81,15.2,11/04/2020
Pepsi - 600ml,9,33.08,23/12/2019
Bread - Triangle White,13,22.8,14/05/2019
Pea - Snow,6,29.6,07/02/2020
Temperature Recording Station,74,36.19,07/12/2019
Loquat,71,44.28,10/02/2020
Veal - Ground,37,17.82,14/07/2019
Pastrami,99,36.43,25/05/2019
Bonito Flakes - Toku Katsuo,48,25.24,04/11/2019
Garam Marsala,84,28.68,01/02/2020
Pork - Back Ribs,69,12.19,05/05/2019
"Bread - Roll, Italian",45,22.68,10/11/2019
Cloves - Whole,79,42.8,10/08/2019
Tuna - Salad Premix,25,15.02,07/11/2019
Sausage - Liver,38,26.81,30/01/2020
Cookies Almond Hazelnut,87,26.54
Pomello,32,23.88,02/07/2019
Salmon - Canned,12,33.24,28/07/2019
Muffin Mix - Carrot,19,47.15,19/10/2019
Salt - Kosher,44,47.19,13/05/2019
Icecream - Dstk Strw Chseck,65,19.16,12/09/2019
Wine - Rosso Toscano Igt,44,24.76,16/04/2020
Parsley - Dried,26,25.02
Beer - Original Organic Lager,1,42.2,18/05/2019
Soup Campbells Turkey Veg.,24,13.2,31/08/2019
Cocoa Powder - Dutched,80,6.22,23/11/2019
Foil - Round Foil,54,35.51,16/03/2020
"Ham - Smoked, Bone - In",14,17.98,25/09/2019
Dried Peach,36,24.78,30/10/2019
Jello - Assorted,38,22.51,20/05/2019
Mudslide,52,13.31,21/06/2019
Parsley - Dried,73,11.78,08/07/2019
Dip - Tapenade,10,6.37,25/12/2019
Paper - Brown Paper Mini Cups,87,21.3,03/03/2020
Wine - Beaujolais Villages,89,14.2,16/10/2019
Cheese - Cambozola,86,35.78,15/02/2020
Parasol Pick Stir Stick,2,17.11
Guinea Fowl,83,38.9,31/01/2020
Sloe Gin - Mcguinness,97,23.33,30/05/2019
Salmon - Canned,49,4.22,05/09/2019
Ice Cream - Chocolate,85,4.73,10/09/2019
Chips Potato All Dressed - 43g,85,30.38,05/05/2019
Sauce - Salsa,87,15.46,29/01/2020
Muffin Batt - Carrot Spice,13,24.6,14/03/2020
Pate - Liver,45,41.77,08/11/2019
Coffee - Flavoured,31,25.6,10/01/2020
Muffin Mix - Raisin Bran,12,17.74,03/05/2019
Persimmons,94,34.12,11/02/2020
Muffin Mix - Carrot,94,4.6,16/10/2019
Beans - Soya Bean,11,35.5,30/11/2019
Tomato - Peeled Italian Canned,3,19.44,17/06/2019
"Chicken - Thigh, Bone In",82,44.88,01/08/2019
Beer - Corona,46,16.0,26/11/2019
Dry Ice,28,16.62,12/07/2019
Mix - Cocktail Ice Cream,40,22.9,27/09/2019
Rum - Mount Gay Eclipes,50,1.19,31/03/2020
Creamers - 10%,35,17.13,18/04/2020
"Oranges - Navel, 72",49,25.94,02/11/2019
Swordfish Loin Portions,30,19.6,30/10/2019
Cookies - Fortune,81,42.69,06/07/2019
Basil - Seedlings Cookstown,71,43.26
"Chicken - Breast, 5 - 7 Oz",35,43.81,15/12/2019
Goat - Whole Cut,10,23.49,30/08/2019
Nut - Macadamia,49,23.71,01/04/2020
Gatorade - Orange,74,43.44,27/04/2020
Tomatoes,5,5.48,05/07/2019
Fib N9 - Prague Powder,55,3.76,08/02/2020
Ecolab - Hobart Washarm End Cap,67,4.3,28/12/2019
Appetizer - Chicken Satay,77,42.0,09/09/2019
Truffle Shells - Semi - Sweet,6,39.1,21/10/2019
Ham - Cooked Bayonne Tinned,94,29.83,15/02/2020
Cheese - Mix,73,45.07,28/12/2019
Cardamon Ground,81,43.31,23/01/2020
"Pasta - Cappellini, Dry",99,39.2,26/02/2020
Sauce - Sesame Thai Dressing,80,24.28,19/02/2020
Lamb Leg - Bone - In Nz,71,46.09,21/09/2019
Ostrich - Fan Fillet,93,2.56,07/04/2020
Island Oasis - Banana Daiquiri,33,24.63,22/10/2019
Lettuce - Frisee,6,35.01,08/04/2020
Cloves - Ground,4,13.3
Mangoes,42,46.4,09/07/2019
"Fish - Base, Bouillion",38,21.62,29/01/2020
"Cheese - Brie, Cups 125g",52,19.89,07/01/2020
Bread Bowl Plain,48,6.98,17/07/2019
Wine - Casablanca Valley,72,26.87,06/01/2020
Lychee - Canned,20,41.14,18/10/2019
Wine - Ice Wine,2,46.06,27/06/2019
Wasabi Powder,26,24.56,10/09/2019
"Bag - Bread, White, Plain",43,17.35,10/04/2020
"Soup - Cream Of Broccoli, Dry",63,41.11,26/07/2019
Cookie Dough - Chocolate Chip,90,33.28,22/01/2020
"Club Soda - Schweppes, 355 Ml",66,36.97,15/10/2019
Tea - Green,67,42.4,12/01/2020
Mushrooms - Honey,32,39.34,02/04/2020
Aspic - Light,70,6.91,29/01/2020
Vinegar - Raspberry,66,4.3,27/12/2019
Aromat Spice / Seasoning,25,5.86,13/06/2019
"Lamb - Shoulder, Boneless",74,47.53,02/06/2019
"Syrup - Monin, Amaretta",11,23.27,13/07/2019
Beer - Camerons Auburn,16,43.97,20/10/2019
Quinoa,53,41.53,11/07/2019
Cranberries - Dry,51,14.29
Cake - Lemon Chiffon,56,16.73,10/03/2020
Cactus Pads,72,16.12,14/02/2020
Tomatoes Tear Drop Yellow,73,3.06,02/09/2019
Syrup - Monin - Blue Curacao,46,40.84,19/04/2020
"Bread - Roll, Soft White Round",59,33.63,09/09/2019
Shortbread - Cookie Crumbs,75,17.32,23/04/2020
Radish,84,16.86,11/11/2019
Mushroom - White Button,84,47.35,01/06/2019
Milk - Buttermilk,1,17.6,18/12/2019
Coffee - Decafenated,37,16.94,26/09/2019
Crab - Soft Shell,2,42.68,24/10/2019
Corn Meal,32,19.62,26/08/2019
Soup - Campbells - Tomato,53,8.05,13/09/2019
Lettuce - Green Leaf,29,14.54,08/07/2019
"Clams - Littleneck, Whole",62,40.13,11/02/2020
Wine - Casablanca Valley,96,31.92,17/03/2020
V8 - Vegetable Cocktail,59,26.98,19/11/2019
Longos - Burritos,51,26.65,18/08/2019
Mint - Fresh,26,20.69,12/04/2020
Veal Inside - Provimi,1,9.63,31/03/2020
Coffee - Decaffeinato Coffee,41,6.77,20/11/2019
Pears - Anjou,37,15.41,25/11/2019
Apricots Fresh,60,38.95,02/05/2019
Straws - Cocktale,52,25.59,05/04/2020
Onions - Pearl,80,8.65,26/06/2019
"Fish - Atlantic Salmon, Cold",8,46.26,21/09/2019
Jerusalem Artichoke,57,45.99,27/10/2019
Port - 74 Brights,15,6.29
Broccoli - Fresh,92,21.33,25/09/2019
Crackers - Water,88,37.56,26/03/2020
Wine - Casablanca Valley,83,31.22,22/09/2019
Sterno - Chafing Dish Fuel,83,21.01,09/11/2019
Coffee - Cafe Moreno,20,26.52,07/12/2019
Versatainer Nc - 9388,58,12.71,30/11/2019
Ostrich - Prime Cut,54,13.51,02/12/2019
Wine - Chenin Blanc K.w.v.,61,14.43,10/04/2020
Pork Loin Cutlets,99,4.54,01/12/2019
Mudslide,89,12.23,11/05/2019
"Rum - Coconut, Malibu",97,34.14
Cumin - Ground,93,29.1,25/02/2020
Peas Snow,91,36.89,18/03/2020
Beets - Golden,6,36.64,08/12/2019
Rappini - Andy Boy,58,5.99,28/03/2020
"Melon - Watermelon, Seedless",10,17.48,14/08/2019
Wine - Zonnebloem Pinotage,7,9.15,23/05/2019
Sage - Rubbed,63,32.08,22/06/2019
Beer - Muskoka Cream Ale,65,5.53,10/10/2019
Hagen Daza - Dk Choocolate,58,10.95,23/07/2019
Tart - Butter Plain Squares,96,32.29,02/02/2020
Laundry - Bag Cloth,1,49.69,06/11/2019
Beer - True North Strong Ale,16,18.05,18/05/2019
Cup Translucent 9 Oz,98,9.73,29/10/2019
Wine - Muscadet Sur Lie,47,19.36,03/01/2020
Tahini Paste,38,49.29,30/11/2019
Bar Nature Valley,26,3.3
Squash - Guords,80,2.99,04/03/2020
Cut Wakame - Hanawakaba,11,20.62,03/08/2019
Flower - Commercial Bronze,72,41.5,13/03/2020
Rabbit - Legs,70,20.98,18/07/2019
Puree - Strawberry,94,1.22,19/05/2019
Pastry - Lemon Danish - Mini,25,38.55,02/12/2019
"Syrup - Monin, Irish Cream",11,24.94,23/12/2019
Parsnip,17,48.22,27/05/2019
"Iced Tea - Lemon, 460 Ml",69,46.88,06/08/2019
Wine - Saint Emilion Calvet,38,24.04,09/04/2020
Island Oasis - Ice Cream Mix,46,6.38,04/10/2019
Veal - Loin,13,2.11,07/05/2019
Apple - Macintosh,71,3.33,20/03/2020
"Beef - Baby, Liver",34,15.9,14/10/2019
"Doilies - 7, Paper",63,16.35,17/05/2019
"Wine - Red, Metus Rose",90,22.65,25/01/2020
Bread - Multigrain Oval,16,12.13,19/05/2019
Carbonated Water - Cherry,19,19.36
Lid - 3oz Med Rec,34,10.46,05/10/2019
"Pasta - Detalini, White, Fresh",50,14.26,23/09/2019
Bread - Onion Focaccia,38,5.74,20/07/2019
